POSITION;NUMBER;STATUS;LAPS;TOTAL_TIME;GAP_FIRST;GAP_PREVIOUS;FL_LAPNUM;FL_TIME;FL_KPH;TEAM;CLASS;GROUP;DIVISION;VEHICLE;TIRES;IMSA_CarId;IMSA_TeamId;IMSA_ClassId;IMSA_CarTypeId;IMSA_ManufacturerId;IMSA_TireId;IMSA_SponsorId;IMSA_EventEntryId;*Extra 9;*Extra 10;DRIVER1_FIRSTNAME;DRIVER1_SECONDNAME;DRIVER1_LICENSE;DRIVER1_HOMETOWN;DRIVER1_COUNTRY;DRIVER1_SHORTNAME;DRIVER1_IMSA_DriverId;DRIVER1_IMSA_DriverPlugId;DRIVER1_IMSA_DriverRatingLong;DRIVER1_*Extra 4;DRIVER1_*Extra 5;DRIVER2_FIRSTNAME;DRIVER2_SECONDNAME;DRIVER2_LICENSE;DRIVER2_HOMETOWN;DRIVER2_COUNTRY;DRIVER2_SHORTNAME;DRIVER2_IMSA_DriverId;DRIVER2_IMSA_DriverPlugId;DRIVER2_IMSA_DriverRatingLong;DRIVER2_*Extra 4;DRIVER2_*Extra 5;DRIVER3_FIRSTNAME;DRIVER3_SECONDNAME;DRIVER3_LICENSE;DRIVER3_HOMETOWN;DRIVER3_COUNTRY;DRIVER3_SHORTNAME;DRIVER3_IMSA_DriverId;DRIVER3_IMSA_DriverPlugId;DRIVER3_IMSA_DriverRatingLong;DRIVER3_*Extra 4;DRIVER3_*Extra 5;DRIVER4_FIRSTNAME;DRIVER4_SECONDNAME;DRIVER4_LICENSE;DRIVER4_HOMETOWN;DRIVER4_COUNTRY;DRIVER4_SHORTNAME;DRIVER4_IMSA_DriverId;DRIVER4_IMSA_DriverPlugId;DRIVER4_IMSA_DriverRatingLong;DRIVER4_*Extra 4;DRIVER4_*Extra 5;DRIVER5_FIRSTNAME;DRIVER5_SECONDNAME;DRIVER5_LICENSE;DRIVER5_HOMETOWN;DRIVER5_COUNTRY;DRIVER5_SHORTNAME;DRIVER5_IMSA_DriverId;DRIVER5_IMSA_DriverPlugId;DRIVER5_IMSA_DriverRatingLong;DRIVER5_*Extra 4;DRIVER5_*Extra 5;DRIVER6_FIRSTNAME;DRIVER6_SECONDNAME;DRIVER6_LICENSE;DRIVER6_HOMETOWN;DRIVER6_COUNTRY;DRIVER6_SHORTNAME;DRIVER6_IMSA_DriverId;DRIVER6_IMSA_DriverPlugId;DRIVER6_IMSA_DriverRatingLong;DRIVER6_*Extra 4;DRIVER6_*Extra 5;
1;7;Classified;705;24:01:20.108;-;-;493;1:36.414;213.9;Porsche Penske Motorsport;GTP;;;Porsche 963;M;;;;;;;;;;;Felipe;Nasr;Platinum;Brasilia;BRA;;;;;;;Julien;Andlauer;Gold;Lyon, France;FRA;;;;;;;Laurin;Heinrich;Gold;Würzburg, Germany;DEU;;;;;;;;;;;;;;;;;;;;;;;;;
2;31;Classified;705;24:01:21.677;+1.569;+1.569;493;1:36.236;214.3;Cadillac Whelen;GTP;;;Cadillac V-Series.R;M;;;;;;;;;;;Jack;Aitken;Platinum;London, United Kingdom;GBR;;;;;;;Earl;Bamber;Platinum;Wanganui, New Zealand;NZL;;;;;;;Frederik;Vesti;Platinum;Billund, Denmark;DNK;;;;;;;Connor;Zilisch;Gold;Mooresville, NC;USA;;;;;;;;;;;;;;;;;;;
3;24;Classified;705;24:01:41.494;+21.386;+19.817;519;1:36.584;213.5;BMW M Team WRT;GTP;;;BMW M Hybrid V8;M;;;;;;;;;;;Sheldon;van der Linde;Platinum;Johannesburg, South Africa;ZAF;;;;;;;Dries;Vanthoor;Platinum;Zolder, Belgium;BEL;;;;;;;Robin;Frijns;Platinum;Kreuzlingen;NLD;;;;;;;Rene;Rast;Platinum;Bregenz, Austria;AUT;;;;;;;;;;;;;;;;;;;
4;6;Classified;705;24:01:51.930;+31.822;+10.436;491;1:35.826;215.2;Porsche Penske Motorsport;GTP;;;Porsche 963;M;;;;;;;;;;;Laurens;Vanthoor;Platinum;Heusden-Zolder, Belgium;BEL;;;;;;;Kevin;Estre;Platinum;Lyon, France;FRA;;;;;;;Matt;Campbell;Platinum;Warwick, Queensland;AUS;;;;;;;;;;;;;;;;;;;;;;;;;
5;93;Classified;705;24:02:05.785;+45.677;+13.855;522;1:36.058;214.7;Acura Meyer Shank Racing w/Curb Agajanian;GTP;;;Acura ARX-06;M;;;;;;;;;;;Renger;van der Zande;Platinum;Amsterdam, Netherlands;NLD;;;;;;;Nick;Yelloly;Platinum;Solihull, United Kingdom;GBR;;;;;;;Alex;Palou;Platinum;Barcelona, Spain;ESP;;;;;;;Kaku;Ohta;Gold;Kyoto,Japan;JPN;;;;;;;;;;;;;;;;;;;
6;40;Classified;705;24:02:14.125;+54.017;+8.340;491;1:36.401;214.0;Cadillac Wayne Taylor Racing;GTP;;;Cadillac V-Series.R;M;;;;;;;;;;;Jordan;Taylor;Platinum;Orlando, FL;USA;;;;;;;Louis;Deletraz;Gold;Geneva, Switzerland;CHE;;;;;;;Colton;Herta;Platinum;Valencia, CA;USA;;;;;;;;;;;;;;;;;;;;;;;;;
7;85;Classified;705;24:02:30.844;+1:10.736;+16.719;495;1:36.761;213.2;JDC-Miller MotorSports;GTP;;;Porsche 963;M;;;;;;;;;;;Tijmen;van der Helm;Gold;Den Hoorn;NLD;;;;;;;Nico;Pino;Silver;Santiago, Chile;CHL;;;;;;;Kaylen;Frederick;Gold;Potomac, MD;USA;;;;;;;;;;;;;;;;;;;;;;;;;
8;25;Classified;705;24:02:33.551;+1:13.443;+2.707;491;1:36.664;213.4;BMW M Team WRT;GTP;;;BMW M Hybrid V8;M;;;;;;;;;;;Raffaele;Marciello;Platinum;Breganzona, Switzerland;ITA;;;;;;;Philipp;Eng;Platinum;Sankt Lorenz, Austria;AUT;;;;;;;Marco;Wittmann;Platinum;Fuerth, Germany;DEU;;;;;;;Kevin;Magnussen;Platinum;Roskilde, Denmark;DNK;;;;;;;;;;;;;;;;;;;
9;60;Classified;705;24:02:42.671;+1:22.563;+9.120;492;1:36.677;213.3;Acura Meyer Shank Racing w/Curb Agajanian;GTP;;;Acura ARX-06;M;;;;;;;;;;;Tom;Blomqvist;Platinum;Cambridge, UK;GBR;;;;;;;Colin;Braun;Gold;Ovalo, TX;USA;;;;;;;Scott;Dixon;Platinum;Auckland, New Zealand;NZL;;;;;;;AJ;Allmendinger;Gold;San Jose, CA;USA;;;;;;;;;;;;;;;;;;;
10;04;Classified;686;24:02:51.332;19 Laps;19 Laps;501;1:39.387;207.5;Crowdstrike Racing by APR;LMP2;;;ORECA LMP2 07;M;;;;;;;;;;;George;Kurtz;Bronze;Scottsdale, AZ;USA;;;;;;;Alex;Quinn;Gold;Cornwall, UK;GBR;;;;;;;Toby;Sowery;Silver;Cambridge, United Kingdom;GBR;;;;;;;Malthe;Jakobsen;Gold;Sennels, Denmark;DNK;;;;;;;;;;;;;;;;;;;
11;43;Classified;686;24:02:56.922;19 Laps;+5.590;526;1:40.150;205.9;Inter Europol Competition;LMP2;;;ORECA LMP2 07;M;;;;;;;;;;;Tom;Dillmann;Gold;Mulhouse, France;FRA;;;;;;;Bijoy;Garg;Silver;Atherton, CA;USA;;;;;;;Antonio;Felix da Costa;Platinum;cascais, Portugal;PRT;;;;;;;Jeremy;Clarke;Bronze;Manhattan Beach, CA;USA;;;;;;;;;;;;;;;;;;;
12;343;Classified;685;24:01:41.793;20 Laps;1 Lap;483;1:40.148;205.9;Inter Europol Competition;LMP2;;;ORECA LMP2 07;M;;;;;;;;;;;Jakub;Smiechowski;Silver;;POL;;;;;;;George;Kolovos;Bronze;ATHENS;GRC;;;;;;;Nolan;Siegel;Gold;Palo Alto, CA;USA;;;;;;;Nick;Cassidy;Platinum;Auckland;NZL;;;;;;;;;;;;;;;;;;;
13;22;Classified;685;24:01:51.119;20 Laps;+9.326;498;1:40.179;205.9;United Autosports USA;LMP2;;;ORECA LMP2 07;M;;;;;;;;;;;Daniel;Goldburg;Bronze;Delray Beach, FL;USA;;;;;;;Paul;Di Resta;Platinum;Monaco;GBR;;;;;;;Rasmus;Lindh;Silver;Gothenburg, Sweden;SWE;;;;;;;Grégoire;Saucy;Gold;Develier;CHE;;;;;;;;;;;;;;;;;;;
14;99;Classified;685;24:01:57.883;20 Laps;+6.764;188;1:40.348;205.5;AO Racing;LMP2;;;ORECA LMP2 07;M;;;;;;;;;;;PJ;Hyett;Bronze;St Charles, IL;USA;;;;;;;Dane;Cameron;Platinum;Glen Ellen, CA;USA;;;;;;;Jonny;Edgar;Silver;Asby, United Kingdom;GBR;;;;;;;Christian;Rasmussen;Gold;Copenhagen;DNK;;;;;;;;;;;;;;;;;;;
15;52;Classified;685;24:02:05.297;20 Laps;+7.414;210;1:40.713;204.8;Bryan Herta Autosport with PR1/Mathiasen;LMP2;;;ORECA LMP2 07;M;;;;;;;;;;;Misha;Goikhberg;Bronze;Woodbridge, ON;CAN;;;;;;;Ben;Keating;Bronze;Victoria, TX;USA;;;;;;;Parker;Thompson;Silver;Red Deer, AB;CAN;;;;;;;Harry;Tincknell;Platinum;London, United Kingdom;GBR;;;;;;;;;;;;;;;;;;;
16;37;Classified;684;24:01:58.285;21 Laps;1 Lap;479;1:40.309;205.6;Intersport Racing;LMP2;;;ORECA LMP2 07;M;;;;;;;;;;;Jon;Field;Bronze;Nashville, TN;USA;;;;;;;Oliver;Jarvis;Platinum;Newmarket, United Kingdom;GBR;;;;;;;Seth;Lucas;Silver;Powell, OH;USA;;;;;;;Job;Van Uitert;Gold;Dongen, Netherlands;NLD;;;;;;;;;;;;;;;;;;;
17;8;Classified;676;24:02:26.621;29 Laps;8 Laps;481;1:40.621;205.0;Tower Motorsports;LMP2;;;ORECA LMP2 07;M;;;;;;;;;;;John;Farano;Bronze;Toronto, ON;CAN;;;;;;;Sebastien;Bourdais;Platinum;Le Mans, France;FRA;;;;;;;Sebastian;Alvarez;Silver;Mexico City, Mexico;MEX;;;;;;;Kyffin;Simpson;Gold;Cayman Islands;CYM;;;;;;;;;;;;;;;;;;;
18;18;Classified;670;24:02:57.693;35 Laps;6 Laps;476;1:40.476;205.3;Era Motorsport;LMP2;;;ORECA LMP2 07;M;;;;;;;;;;;Naveen;Rao;Bronze;San Diego, CA;USA;;;;;;;Ferdinand;Habsburg;Gold;Vienna, Austria;AUT;;;;;;;Jacob;Abel;Silver;Louisville, KY;USA;;;;;;;Logan;Sargeant;Platinum;Boca Raton, FL;USA;;;;;;;;;;;;;;;;;;;
19;1;Classified;662;24:01:56.314;43 Laps;8 Laps;465;1:46.459;193.7;Paul Miller Racing;GTDPRO;;;BMW M4 GT3 EVO;M;;;;;;;;;;;Neil;Verhagen;Gold;Mooresville, NC;USA;;;;;;;Connor;De Phillippi;Gold;Cornelius, NC;USA;;;;;;;Max;Hesse;Gold;Munich, Germany;DEU;;;;;;;Dan;Harper;Platinum;Hillsborough, United Kingdom;GBR;;;;;;;;;;;;;;;;;;;
20;75;Classified;662;24:01:58.537;43 Laps;+2.223;465;1:46.495;193.7;75 Express;GTDPRO;;;Mercedes-AMG GT3;M;;;;;;;;;;;Kenny;Habul;Bronze;Sydney;AUS;;;;;;;Maro;Engel;Platinum;Monaco;DEU;;;;;;;Will;Power;Platinum;Charlotte, NC;USA;;;;;;;Chaz;Mostert;Platinum;Gold Coast, Australia;AUS;;;;;;;;;;;;;;;;;;;
21;48;Classified;662;24:02:24.674;43 Laps;+26.137;491;1:46.593;193.5;WINWARD RACING;GTDPRO;;;Mercedes-AMG GT3;M;;;;;;;;;;;Scott;Noble;Bronze;Dallas, TX;USA;;;;;;;Jason;Hart;Silver;Flower Mound, TX;USA;;;;;;;Maxime;Martin;Platinum;Brussels, Belgium;BEL;;;;;;;Luca;Stolz;Platinum;Brachbach, Germany;DEU;;;;;;;;;;;;;;;;;;;
22;4;Classified;662;24:02:29.290;43 Laps;+4.616;463;1:46.660;193.4;Corvette Racing by Pratt Miller Motorsports;GTDPRO;;;Chevrolet Corvette Z06 GT3.R;M;;;;;;;;;;;Tommy;Milner;Platinum;Middleburg, VA;USA;;;;;;;Nicky;Catsburg;Platinum;Amersfoort, Netherlands;NLD;;;;;;;Nico;Varrone;Gold;Escobar, Argentina;ARG;;;;;;;;;;;;;;;;;;;;;;;;;
23;911;Classified;662;24:02:41.702;43 Laps;+12.412;465;1:46.438;193.8;Manthey;GTDPRO;;;Porsche 911 GT3 R (992);M;;;;;;;;;;;Ayhancan;Guven;Platinum;Istanbul;TUR;;;;;;;Thomas;Preining;Platinum;Linz, Austria;AUT;;;;;;;Klaus;Bachler;Platinum;Unzmarkt, Austria;AUT;;;;;;;Ricardo;Feller;Platinum;Aarau, Switzerland;CHE;;;;;;;;;;;;;;;;;;;
24;9;Classified;662;24:02:51.970;43 Laps;+10.268;487;1:46.753;193.2;Pfaff Motorsports;GTDPRO;;;Lamborghini Huracan GT3 EVO2;M;;;;;;;;;;;Andrea;Caldarelli;Platinum;Pescara, Italy;ITA;;;;;;;Sandy;Mitchell;Platinum;Forfar, Scotland;GBR;;;;;;;Mirko;Bortolotti;Platinum;Riva del Garda, Italy;ITA;;;;;;;James;Hinchcliffe;Gold;Oakville, Canada;CAN;;;;;;;;;;;;;;;;;;;
25;65;Classified;661;24:01:24.773;44 Laps;1 Lap;295;1:47.185;192.4;Ford Racing;GTDPRO;;;Ford Mustang GT3;M;;;;;;;;;;;Christopher;Mies;Platinum;Erkrath, Germany;DEU;;;;;;;Frederic;Vervisch;Gold;Middelkerke, Belgium;BEL;;;;;;;Sebastian;Priaulx;Gold;Guernsey, United Kingdom;GBR;;;;;;;;;;;;;;;;;;;;;;;;;
26;033;Classified;661;24:02:14.200;44 Laps;+49.427;325;1:46.487;193.7;Triarsi Competizione;GTDPRO;;;Ferrari 296 GT3 EVO;M;;;;;;;;;;;James;Calado;Platinum;Cardiff, United Kingdom;GBR;;;;;;;Riccardo;Agostini;Gold;Padova, Italy;ITA;;;;;;;Miguel;Molina;Platinum;Lloret de Mar, Spain;ESP;;;;;;;Alessio;Rovera;Platinum;Varese, Italy;ITA;;;;;;;;;;;;;;;;;;;
27;57;Classified;661;24:02:25.262;44 Laps;+11.062;128;1:47.081;192.6;WINWARD RACING;GTD;;;Mercedes-AMG GT3;M;;;;;;;;;;;Russell;Ward;Silver;Seabrook, TX;USA;;;;;;;Philip;Ellis;Gold;Munich, Germany;GBR;;;;;;;Indy;Dontje;Silver;Bergen, Netherlands;NLD;;;;;;;Lucas;Auer;Platinum;Kufstein, Austria;AUT;;;;;;;;;;;;;;;;;;;
28;44;Classified;661;24:02:26.629;44 Laps;+1.367;463;1:46.631;193.4;Magnus Racing;GTD;B;;Aston Martin Vantage GT3 Evo;M;;;;;;;;;;;John;Potter;Bronze;Salt Lake City, UT;USA;;;;;;;Spencer;Pumpelly;Silver;Atlanta, GA;USA;;;;;;;Nicki;Thiim;Platinum;Sonderborg, Denmark;DNK;;;;;;;Madison;Snow;Gold;Salt Lake City, UT;USA;;;;;;;;;;;;;;;;;;;
29;27;Classified;661;24:02:35.553;44 Laps;+8.924;490;1:46.600;193.5;Heart of Racing Team;GTD;;;Aston Martin Vantage GT3 Evo;M;;;;;;;;;;;Tom;Gamble;Gold;Nottingham, United Kingdom;GBR;;;;;;;Dudu;Barrichello;Silver;Sao Paulo, Brasil;BRA;;;;;;;Zacharie;Robichon;Silver;Ottawa, ON;CAN;;;;;;;Mattia;Drudi;Platinum;Misano Adriatico;ITA;;;;;;;;;;;;;;;;;;;
30;13;Classified;661;24:02:47.429;44 Laps;+11.876;463;1:46.549;193.6;13 Autosport;GTD;B;;Chevrolet Corvette Z06 GT3.R;M;;;;;;;;;;;Orey;Fidani;Bronze;Toronto, ON;CAN;;;;;;;Matthew;Bell;Gold;Newcastle Upon Tyne, Unit;GBR;;;;;;;Lars;Kern;Silver;Wiernsheim, Germany;DEU;;;;;;;Ben;Green;Platinum;Waltham Abbey;GBR;;;;;;;;;;;;;;;;;;;
31;23;Classified;661;24:02:58.699;44 Laps;+11.270;15;1:37.785;210.9;ASTON MARTIN THOR Team;GTP;;;Aston Martin Valkyrie;M;;;;;;;;;;;Ross;Gunn;Platinum;Great Missenden, United Kingdom;GBR;;;;;;;Roman;De Angelis;Gold;Windsor , ON;CAN;;;;;;;Alex;Riberas;Gold;Barcelona, Spain;ESP;;;;;;;Marco;Sorensen;Platinum;Godthaab, Denmark;DNK;;;;;;;;;;;;;;;;;;;
32;21;Classified;661;24:02:59.458;44 Laps;+0.759;492;1:47.187;192.4;Af Corse Usa;GTD;;;Ferrari 296 GT3 EVO;M;;;;;;;;;;;Simon;Mann;Silver;Lausanne, Switzerland;USA;;;;;;;Lilou;Wadoux Ducellier;Silver;Amiens, France;FRA;;;;;;;Antonio;Fuoco;Platinum;Monaco;ITA;;;;;;;Tommaso;Mosca;Gold;Brescia;ITA;;;;;;;;;;;;;;;;;;;
33;80;Classified;661;24:03:04.694;44 Laps;+5.236;528;1:46.883;193.0;Lone Star Racing;GTD;;;Mercedes-AMG GT3;M;;;;;;;;;;;Scott;Andrews;Gold;Torquay, Australia;AUS;;;;;;;Lin;Hodenius;Silver;Amsterdam;NLD;;;;;;;James;Roe;Silver;Naas;IRL;;;;;;;Ralf;Aron;Gold;Tallinn, Estonia;EST;;;;;;;;;;;;;;;;;;;
34;77;Classified;660;24:01:25.384;45 Laps;1 Lap;463;1:47.170;192.5;AO Racing;GTDPRO;;;Porsche 911 GT3 R (992);M;;;;;;;;;;;Nick;Tandy;Platinum;Bedford, United Kingdom;GBR;;;;;;;Harry;King;Gold;Windsor;GBR;;;;;;;Alessio;Picariello;Gold;Namur, Belgium;BEL;;;;;;;;;;;;;;;;;;;;;;;;;
35;023;Classified;660;24:01:27.130;45 Laps;+1.746;461;1:46.723;193.3;Triarsi Competizione;GTD;;;Ferrari 296 GT3 EVO;M;;;;;;;;;;;Onofrio;Triarsi;Silver;Orlando, FL;USA;;;;;;;Kenton;Koch;Gold;Charlotte, NC;USA;;;;;;;Robert;Megennis;Silver;New York City, NY;USA;;;;;;;Yifei;Ye;Gold;China;CHN;;;;;;;;;;;;;;;;;;;
36;45;Classified;660;24:01:32.979;45 Laps;+5.849;526;1:46.912;192.9;Wayne Taylor Racing;GTD;;;Lamborghini Huracan GT3 EVO2;M;;;;;;;;;;;Danny;Formal;Silver;San Jose, Costa Rica;CRI;;;;;;;Trent;Hindman;Gold;Ocean Township, NJ;USA;;;;;;;Graham;Doyle;Silver;Belleair, FL;USA;;;;;;;Marcus;Ericsson;Platinum;Kumla, Sweden;SWE;;;;;;;;;;;;;;;;;;;
37;12;Classified;660;24:01:40.523;45 Laps;+7.544;463;1:47.105;192.6;Vasser Sullivan Racing;GTD;;;Lexus RC F GT3;M;;;;;;;;;;;Aaron;Telitz;Gold;Birchwood, WI;USA;;;;;;;Benjamin;Pedersen;Silver;Copenhagen;USA;;;;;;;Frankie;Montecalvo;Silver;Highlands, NJ;USA;;;;;;;Esteban;Masson;Gold;Nantes, France;FRA;;;;;;;;;;;;;;;;;;;
38;96;Classified;660;24:02:15.219;45 Laps;+34.696;463;1:46.555;193.6;Turner Motorsport;GTD;;;BMW M4 GT3 EVO;M;;;;;;;;;;;Patrick;Gallagher;Silver;Thornville, OH;USA;;;;;;;Robby;Foley;Gold;Randolph, NJ;USA;;;;;;;Jens;Klingmann;Gold;Heidelberg, Germany;DEU;;;;;;;Francis;Selldorff;Silver;Boston, MA;USA;;;;;;;;;;;;;;;;;;;
39;19;Classified;660;24:02:18.367;45 Laps;+3.148;465;1:47.184;192.4;van der Steur Racing;GTD;;;Aston Martin Vantage GT3 Evo;M;;;;;;;;;;;Valentin;Hasse Clot;Gold;Paris, France;FRA;;;;;;;Rory;van der Steur;Silver;Chesapeake City, MD;USA;;;;;;;Sébastien;Baud;Silver;Annecy;FRA;;;;;;;Carl;Bennett;Silver;Changrai, Thailand;THA;;;;;;;;;;;;;;;;;;;
40;912;Classified;660;24:03:00.379;45 Laps;+42.012;253;1:46.989;192.8;Manthey 1St Phorm;GTD;B;;Porsche 911 GT3 R (992);M;;;;;;;;;;;Ryan;Hardwick;Bronze;Atlanta, GA;USA;;;;;;;Riccardo;Pera;Silver;Lucca;ITA;;;;;;;Richard;Lietz;Platinum;Ybbsitz, Austria;AUT;;;;;;;Morris;Schuring;Gold;Den Dolder;NLD;;;;;;;;;;;;;;;;;;;
41;70;Classified;659;24:01:26.278;46 Laps;1 Lap;484;1:47.089;192.6;Inception Racing;GTD;B;;Ferrari 296 GT3 EVO;M;;;;;;;;;;;Brendan;Iribe;Bronze;Los Angeles, CA;USA;;;;;;;Frederik;Schandorff;Gold;Aarhus, Denmark;DNK;;;;;;;Ollie;Millroy;Silver;Dubai, UAE;GBR;;;;;;;David;Fumanelli;Gold;Lesmo;ITA;;;;;;;;;;;;;;;;;;;
42;34;Classified;659;24:02:09.913;46 Laps;+43.635;462;1:47.032;192.7;Conquest Racing;GTD;;;Ferrari 296 GT3 EVO;M;;;;;;;;;;;Manny;Franco;Silver;Milwaukee, WI;USA;;;;;;;Albert;Costa;Platinum;Andorra;ESP;;;;;;;Lorenzo;Patrese;Silver;Padua, Italy;ITA;;;;;;;Thierry;Vermeulen;Gold;Monaco;NLD;;;;;;;;;;;;;;;;;;;
43;14;Classified;659;24:02:22.057;46 Laps;+12.144;493;1:47.270;192.3;Vasser Sullivan Racing;GTDPRO;;;Lexus RC F GT3;M;;;;;;;;;;;Jack;Hawksworth;Gold;Bradford, United Kingdom;GBR;;;;;;;Ben;Barnicoat;Platinum;Chesterfield, United Kingdom;GBR;;;;;;;Kyle;Kirkwood;Gold;Jupiter, FL;USA;;;;;;;;;;;;;;;;;;;;;;;;;
44;69;Classified;652;24:02:08.840;53 Laps;7 Laps;463;1:46.441;193.8;GetSpeed;GTDPRO;;;Mercedes-AMG GT3;M;;;;;;;;;;;Anthony;Bartone;Silver;Miami, FL;USA;;;;;;;Maximilian;Goetz;Platinum;Uffenheim, Germany;DEU;;;;;;;Jules;Gounon;Platinum;Aubenas, France;FRA;;;;;;;Fabian;Schiller;Gold;Bonn, Germany;DEU;;;;;;;;;;;;;;;;;;;
45;2;Classified;652;24:02:19.859;53 Laps;+11.019;468;1:39.632;207.0;United Autosports USA;LMP2;;;ORECA LMP2 07;M;;;;;;;;;;;Phil;Fayer;Bronze;Montreal, QC;CAN;;;;;;;Ben;Hanley;Gold;Accrington, United Kingdom;GBR;;;;;;;Hunter;McElrea;Silver;Gold Coast, Australia;NZL;;;;;;;Mikkel;Jensen;Platinum;Aarhus, Denmark;DNK;;;;;;;;;;;;;;;;;;;
46;123;Classified;646;24:01:24.129;59 Laps;6 Laps;456;1:48.167;190.7;Muehlner Motorsports America, LLC;GTD;B;;Porsche 911 GT3 R (992);M;;;;;;;;;;;Dave;Musial;Bronze;Chicago, IL;USA;;;;;;;Dave;Musial Jr.;Silver;Chicago, IL;USA;;;;;;;Peter;Ludwig;Bronze;Wuppertal, Germany;USA;;;;;;;Ryan;Yardley;Silver;Christchurch, New Zealand;NZL;;;;;;;;;;;;;;;;;;;
47;81;Classified;643;24:02:55.254;62 Laps;3 Laps;510;1:46.782;193.2;DragonSpeed;GTD;B;;Chevrolet Corvette Z06 GT3.R;M;;;;;;;;;;;Henrik;Hedman;Bronze;Fort Lauderdale, FL;SWE;;;;;;;Giacomo;Altoè;Gold;Adria, Italy;ITA;;;;;;;Casper;Stevenson;Silver;London;GBR;;;;;;;Matteo;Cairoli;Platinum;Como, Italy;ITA;;;;;;;;;;;;;;;;;;;
48;59;Classified;642;24:02:20.426;63 Laps;1 Lap;446;1:46.278;194.1;RLL Team McLaren;GTDPRO;;;McLaren 720S GT3 EVO;M;;;;;;;;;;;Max;Esterson;Silver;New York City, NY;USA;;;;;;;Nikita;Johnson;Silver;St. Pete  FL;USA;;;;;;;Juri;Vips;Gold;Tallinn;EST;;;;;;;Dean;MacDonald;Gold;Kelty;GBR;;;;;;;;;;;;;;;;;;;
49;3;Classified;637;24:01:55.031;68 Laps;5 Laps;464;1:46.769;193.2;Corvette Racing by Pratt Miller Motorsports;GTDPRO;;;Chevrolet Corvette Z06 GT3.R;M;;;;;;;;;;;Antonio;Garcia;Platinum;Madrid, Spain;ESP;;;;;;;Alexander;Sims;Platinum;Kidderminster, United Kingdom;GBR;;;;;;;Marvin;Kirchhöfer;Platinum;Leipzig, Germany;DEU;;;;;;;;;;;;;;;;;;;;;;;;;
50;10;Classified;629;21:54:12.508;76 Laps;8 Laps;492;1:36.400;214.0;Cadillac Wayne Taylor Racing;GTP;;;Cadillac V-Series.R;M;;;;;;;;;;;Ricky;Taylor;Platinum;Lake Mary, FL;USA;;;;;;;Filipe;Albuquerque;Platinum;Coimbra, Portugal;PRT;;;;;;;Will;Stevens;Platinum;Walton on Thames, United Kingdom;GBR;;;;;;;;;;;;;;;;;;;;;;;;;
51;73;Classified;612;23:27:14.707;93 Laps;17 Laps;484;1:40.165;205.9;Pratt Miller Motorsports;LMP2;;;ORECA LMP2 07;M;;;;;;;;;;;Pietro;Fittipaldi;Platinum;Miami, FL;BRA;;;;;;;Manuel;Espirito Santo;Silver;Cascais;PRT;;;;;;;Chris;Cumming;Bronze;Vancouver, Canada;CAN;;;;;;;Enzo;Fittipaldi;Gold;Miami, FL;BRA;;;;;;;;;;;;;;;;;;;
52;11;Classified;608;21:53:10.149;97 Laps;4 Laps;495;1:39.583;207.1;TDS Racing;LMP2;;;ORECA LMP2 07;M;;;;;;;;;;;Tobi;Lutke;Bronze;Toronto, Canada;CAN;;;;;;;Mathias;Beche;Gold;Veigy, France;CHE;;;;;;;David Heinemeier;Hansson;Silver;Malibu, CA;DNK;;;;;;;Charles;Milesi;Platinum;Dijon, France;FRA;;;;;;;;;;;;;;;;;;;
53;64;Classified;580;21:24:17.087;125 Laps;28 Laps;464;1:47.071;192.6;Ford Racing;GTDPRO;;;Ford Mustang GT3;M;;;;;;;;;;;Ben;Barker;Gold;Cambridge, United Kingdom;GBR;;;;;;;Dennis;Olsen;Platinum;Valer, Norway;NOR;;;;;;;Mike;Rockenfeller;Platinum;Altnau, Switzerland;CHE;;;;;;;;;;;;;;;;;;;;;;;;;
54;36;Classified;568;21:52:00.227;137 Laps;12 Laps;493;1:46.964;192.8;DXDT Racing;GTD;;;Chevrolet Corvette Z06 GT3.R;M;;;;;;;;;;;Mason;Filippi;Silver;Nashville, TN;USA;;;;;;;Charlie;Eastwood;Gold;Belfast;IRL;;;;;;;Scott;McLaughlin;Platinum;Christchurch, New Zealand;NZL;;;;;;;Salih;Yoluc;Silver;London, United Kingdom;TUR;;;;;;;;;;;;;;;;;;;
55;66;Classified;518;19:35:52.302;187 Laps;50 Laps;462;1:46.956;192.8;Gradient Racing;GTD;B;;Ford Mustang GT3;M;;;;;;;;;;;Jake;Walker;Silver;Tempe, AZ;USA;;;;;;;Till;Bechtolsheimer;Bronze;Ampney St. Peter, United Kingdom;GBR;;;;;;;Corey;Lewis;Silver;Nazareth, PA;USA;;;;;;;Joey;Hand;Gold;Wilton, CA;USA;;;;;;;;;;;;;;;;;;;
56;16;Classified;115;3:54:41.325;590 Laps;403 Laps;102;1:48.486;190.1;Myers Riley Motorsports;GTD;B;;Ford Mustang GT3;M;;;;;;;;;;;Sheena;Monk;Bronze;Newtown, PA;USA;;;;;;;Felipe;Fraga;Gold;Palmas, Brazil;BRA;;;;;;;Jenson;Altzman;Silver;Phoenix, AZ;USA;;;;;;;Romain;Grosjean;Platinum;Geneva, Switzerland;FRA;;;;;;;;;;;;;;;;;;;
57;83;Classified;95;4:46:59.771;610 Laps;20 Laps;59;1:41.847;202.5;Af Corse Usa;LMP2;;;ORECA LMP2 07;M;;;;;;;;;;;Francois;Perrodo;Bronze;London, United Kingdom;FRA;;;;;;;Matthieu;Vaxiviere;Gold;Bordeaux, France;FRA;;;;;;;Nicklas;Nielsen;Platinum;Monaco, Montecarlo;DNK;;;;;;;Dylan;Murry;Silver;Cumming, GA;USA;;;;;;;;;;;;;;;;;;;
58;120;Classified;87;2:54:52.775;618 Laps;8 Laps;73;1:47.812;191.3;Wright Motorsports;GTD;;;Porsche 911 GT3 R (992);M;;;;;;;;;;;Adam;Adelson;Silver;Los Angeles, CA;USA;;;;;;;Elliott;Skeer;Gold;San Diego, CA;USA;;;;;;;Tom;Sargent;Silver;Young, Australia;AUS;;;;;;;Callum;Ilott;Platinum;Cambridge, UK;GBR;;;;;;;;;;;;;;;;;;;
59;62;Classified;62;2:02:08.156;643 Laps;25 Laps;38;1:47.298;192.2;Risi Competizione;GTDPRO;;;Ferrari 296 GT3 EVO;M;;;;;;;;;;;Daniel;Serra;Platinum;Sao Paulo, Brazil;BRA;;;;;;;Davide;Rigon;Platinum;Cervia, Italy;ITA;;;;;;;Alessandro;Pier Guidi;Platinum;Tortona, Italy;ITA;;;;;;;;;;;;;;;;;;;;;;;;;
60;28;Classified;5;12:26.101;700 Laps;57 Laps;5;1:48.794;189.6;Rs1;GTD;;;Porsche 911 GT3 R (992);M;;;;;;;;;;;Eric;Zitza;Silver;Maitland, FL;USA;;;;;;;Jan;Heylen;Gold;Dunedin, FL;BEL;;;;;;;Dillon;Machavern;Silver;Charlotte, VT;USA;;;;;;;Sven;Müller;Gold;Bingen am Rhein, Germany;DEU;;;;;;;;;;;;;;;;;;;
